{
  "monotonicity": {
    "metric": "completed_in_deadline",
    "monotone_nondecreasing": true,
    "monotone_nonincreasing": false,
    "note": "expected direction depends on the swept policy; deviation from it triggers a mechanism audit under the attribution rule, not automatic failure (prereg S1)",
    "values": [
      0.9734239802224969,
      0.9864029666254636
    ]
  },
  "rows": [
    {
      "deadline_compliance": {
        "completed_in_deadline": 0.9734239802224969,
        "completed_late": 0.003708281829419036,
        "dropped": 0.022867737948084055,
        "failed": 0.09517923362175525
      },
      "delta": 0.0,
      "fidelity_at_outcome": {
        "failure|scoring_failure": {
          "mean": 0.9492547711456848,
          "n": 50
        },
        "success|consumed": {
          "mean": 0.9493616590156666,
          "n": 1581
        }
      },
      "resource_utilization": {
        "M0:0|M1:0": 0.0561477011574142,
        "M0:0|M3:0": 1.8753407200208842e-05,
        "M1:0|M2:0": 1.2502271466805986e-05,
        "M2:0|M3:0": 1.250227146680571e-05
      }
    },
    {
      "deadline_compliance": {
        "completed_in_deadline": 0.9864029666254636,
        "completed_late": 0.0012360939431396785,
        "dropped": 0.012360939431396786,
        "failed": 0.04264524103831891
      },
      "delta": 0.3,
      "fidelity_at_outcome": {
        "failure|scoring_failure": {
          "mean": 0.949210518538654,
          "n": 51
        },
        "success|consumed": {
          "mean": 0.9491732585723012,
          "n": 1598
        }
      },
      "resource_utilization": {
        "M0:0|M1:0": 1.875352443103554e-05,
        "M0:0|M3:0": 1.8753524431037484e-05,
        "M1:0|M2:0": 1.2502349620690453e-05,
        "M2:0|M3:0": 0.011414645203681014
      }
    }
  ]
}