{
  "arms": [
    {
      "config_sha256": "3407c2aedfecedf4777ab5ebf113938f98089e2c0076f7f3a27ee03c03f6495d",
      "delta": 0.0,
      "run_dir": "runs/seed-battery/round_robin-seed109/874914e9-911b-4a85-88a0-337a64f3e91a",
      "run_id": "874914e9-911b-4a85-88a0-337a64f3e91a",
      "status": "ran",
      "steady_state": {
        "evidence": {
          "final_in_flight": 2,
          "final_relative_backlog": 0.0012690355329949238,
          "horizon_s": 1599.9724994287901,
          "offered": 1576,
          "q3_mean_backlog": 0.3517278788397057,
          "q3_mean_relative_backlog": 0.00022317758809625994,
          "q3_window_s": [
            799.9862497143951,
            1199.9793745715926
          ],
          "q4_mean_backlog": 0.32251868438579956,
          "q4_mean_relative_backlog": 0.0002046438352701774,
          "q4_window_s": [
            1199.9793745715926,
            1599.9724994287901
          ],
          "relative_slope": -1.8533752826082554e-05,
          "relative_slope_tolerance": 0.02
        },
        "status": "CONVERGED",
        "warmup_cutoff_s": 799.9862497143951
      }
    },
    {
      "config_sha256": "6358304723e99dc6837f1037fc1dbdd412e5bb21f118c02f8841d42d46a186ab",
      "delta": 0.3,
      "run_dir": "runs/seed-battery/round_robin-seed109/fc2ac461-d02d-44ab-bc1b-5a6a154a58e7",
      "run_id": "fc2ac461-d02d-44ab-bc1b-5a6a154a58e7",
      "status": "ran",
      "steady_state": {
        "evidence": {
          "final_in_flight": 1,
          "final_relative_backlog": 0.0006345177664974619,
          "horizon_s": 1599.945490586529,
          "offered": 1576,
          "q3_mean_backlog": 0.3623827208170343,
          "q3_mean_relative_backlog": 0.0002299382746300979,
          "q3_window_s": [
            799.9727452932646,
            1199.9591179398967
          ],
          "q4_mean_backlog": 0.36530440915441725,
          "q4_mean_relative_backlog": 0.00023179213778833581,
          "q4_window_s": [
            1199.9591179398967,
            1599.945490586529
          ],
          "relative_slope": 1.8538631582379025e-06,
          "relative_slope_tolerance": 0.02
        },
        "status": "CONVERGED",
        "warmup_cutoff_s": 799.9727452932646
      }
    }
  ],
  "base_config": "/tmp/claude-1000/-home-tony-projects-quantumos/c1f10f2f-bd38-474f-b970-5cdb633f644b/scratchpad/sb-round_robin-109.toml"
}