{
  "monotonicity": {
    "metric": "completed_in_deadline",
    "monotone_nondecreasing": true,
    "monotone_nonincreasing": false,
    "note": "expected direction depends on the swept policy; deviation from it triggers a mechanism audit under the attribution rule, not automatic failure (prereg S1)",
    "values": [
      0.9708171206225681,
      0.9870298313878081
    ]
  },
  "rows": [
    {
      "deadline_compliance": {
        "completed_in_deadline": 0.9708171206225681,
        "completed_late": 0.0038910505836575876,
        "dropped": 0.02529182879377432,
        "failed": 0.08430609597924774
      },
      "delta": 0.0,
      "fidelity_at_outcome": {
        "failure|scoring_failure": {
          "mean": 0.9493093462910552,
          "n": 31
        },
        "success|consumed": {
          "mean": 0.9493779242167536,
          "n": 1503
        }
      },
      "resource_utilization": {
        "M0:0|M1:0": 0.05170854366897226,
        "M0:0|M3:0": 1.8759902165551677e-05,
        "M1:0|M2:0": 3.126650360925279e-05,
        "M2:0|M3:0": 3.751980433110335e-05
      }
    },
    {
      "deadline_compliance": {
        "completed_in_deadline": 0.9870298313878081,
        "completed_late": 0.0006485084306095979,
        "dropped": 0.01232166018158236,
        "failed": 0.03372243839169909
      },
      "delta": 0.3,
      "fidelity_at_outcome": {
        "failure|scoring_failure": {
          "mean": 0.9491166521531301,
          "n": 31
        },
        "success|consumed": {
          "mean": 0.9491885261130999,
          "n": 1523
        }
      },
      "resource_utilization": {
        "M0:0|M1:0": 3.751980433110335e-05,
        "M0:0|M3:0": 1.8759902165552788e-05,
        "M1:0|M2:0": 1.2506601443701117e-05,
        "M2:0|M3:0": 0.01104958237550103
      }
    }
  ]
}